<?xml version= "1.0" encoding="UTF-8" ?>
<indexfile>
<username>kumaravelr</username>
<device>
 <ipaddress>10.105.12.135</ipaddress>
 <hostname>ET0021B7123314</hostname>
 <model>Lexmark X463de</model>
</device>
<server>&#92;10.105.130.90&#92;scan&#92;</server>
<destination>scan</destination>
<datetime>2014-12-22T16:42:17</datetime>
<scansettings>
 
 
 <content>Text/Photo</content>
 <papersize>A4</papersize>
 <orientation>Portrait</orientation>
 <resolution>200</resolution>
 <format>PDF</format>
 <color>On</color>
  

</scansettings>
<pages>2</pages>
<scanpath>/</scanpath>
<scanfiles>
 <file>51380572_2014_12_22_16_42_17_588.pdf</file>
 
</scanfiles>


 
</indexfile>

